{"cameraMode":{"drawMode":0,"name":"Shaded","section":"Shading Mode"},"sceneLighting":false,"audioPlay":false,"sceneViewState":{"m_AlwaysRefresh":false,"showFog":true,"showSkybox":false,"showFlares":true,"showImageEffects":true,"showParticleSystems":true,"showVisualEffectGraphs":true,"m_FxEnabled":true},"in2DMode":false,"pivot":{"x":0.540549635887146,"y":1.668931484222412,"z":0.8496796488761902},"rotation":{"x":0.005603854078799486,"y":-0.9798545241355896,"z":0.19935202598571778,"w":0.026598621159791948},"size":1.1811567544937134,"orthographic":false}