{"cameraMode":{"drawMode":0,"name":"Shaded","section":"Shading Mode"},"sceneLighting":true,"audioPlay":false,"sceneViewState":{"m_AlwaysRefresh":false,"showFog":true,"showSkybox":true,"showFlares":true,"showImageEffects":true,"showParticleSystems":true,"showVisualEffectGraphs":true,"m_FxEnabled":true},"in2DMode":false,"pivot":{"x":0.42713069915771487,"y":1.3145474195480347,"z":-8.303950309753418},"rotation":{"x":-0.0036468657199293377,"y":0.970565915107727,"z":-0.24188236892223359,"w":-0.019571661949157716},"size":1.1811567544937134,"orthographic":false}