{"cameraMode":{"drawMode":0,"name":"Shaded","section":"Shading Mode"},"sceneLighting":true,"audioPlay":false,"sceneViewState":{"m_AlwaysRefresh":false,"showFog":true,"showSkybox":true,"showFlares":true,"showImageEffects":true,"showParticleSystems":true,"showVisualEffectGraphs":true,"m_FxEnabled":true},"in2DMode":false,"pivot":{"x":0.6378442049026489,"y":3.3601033687591554,"z":2.376847743988037},"rotation":{"x":-0.003771513234823942,"y":-0.945337176322937,"z":0.3266829252243042,"w":-0.01277817040681839},"size":0.8660253882408142,"orthographic":false}