{"cameraMode":{"drawMode":0,"name":"Shaded","section":"Shading Mode"},"sceneLighting":true,"audioPlay":false,"sceneViewState":{"m_AlwaysRefresh":false,"showFog":true,"showSkybox":true,"showFlares":true,"showImageEffects":true,"showParticleSystems":true,"showVisualEffectGraphs":true,"m_FxEnabled":true},"in2DMode":false,"pivot":{"x":-5.513235092163086,"y":9.991783142089844,"z":9.381887435913086},"rotation":{"x":0.017750723287463189,"y":0.9812458753585815,"z":-0.12872953712940217,"w":0.14716103672981263},"size":1.1225426197052003,"orthographic":false}